{
    "configurations": [
        {
            "name": "Linux",
            "includePath": [
                "/usr/include",
                "/usr/local/include",
                "${workspaceFolder}"
            ],
            "defines": [],
            "intelliSenseMode": "clang-x64",
            "browse": {
                "path": [
                    "/usr/include",
                    "/usr/local/include",
                    "${workspaceFolder}"
                ],
                "limitSymbolsToIncludedHeaders": true,
                "databaseFilename": ""
            }
        }
    ],
    "version": 4
}